controller_path,module,class_route_prefix,route_count,route_names
"AbstractMantenedorController.php","Core","",2,"app_maintainers_cost_center_export;centros_costo.csv"
"AbstractTenantAwareController.php","Core","",0,""
"Admin/MenuConfigController.php","Admin","/admin/menu-config",10,"admin_menu_config_;index;new;edit;delete;toggle;clear_cache;update_hierarchy;api_tree;add_child"
"Dashboard/Default/DefaultController.php","Dashboard","",1,"app_dashboard_default"
"DefaultController.php","Core","",1,"app_root"
"LocaleController.php","Core","/locale",3,"app_locale_change;app_locale_available;app_locale_translations"
"LoginController.php","Core","",2,"app_login;app_logout"
"MaintainerRolePermissionController.php","Core","/admin/maintainer-permissions",5,"app_maintainer_permission_index;app_maintainer_permission_create;app_maintainer_permission_edit;app_maintainer_permission_delete;app_maintainer_permission_export"
"Maintainers/Admission/CancellationReasonController.php","Maintainers/Admission","/maintainers/admission/cancellation-reason",6,"app_maintainers_admission_cancellation_reason_index;app_maintainers_admission_cancellation_reason_create;app_maintainers_admission_cancellation_reason_edit;app_maintainers_admission_cancellation_reason_delete;app_maintainers_admission_cancellation_reason_export;motivos_anulacion_"
"Maintainers/Admission/CompanyAgreementController.php","Maintainers/Admission","/maintainers/admission/company-agreement",6,"app_maintainers_admission_company_agreement_index;app_maintainers_admission_company_agreement_create;app_maintainers_admission_company_agreement_edit;app_maintainers_admission_company_agreement_delete;app_maintainers_admission_company_agreement_export;convenios_empresa_"
"Maintainers/Admission/EmergencyConsultationTypeController.php","Maintainers/Admission","/maintainers/admission/emergency-consultation-type",6,"app_maintainers_admission_emergency_consultation_type_index;app_maintainers_admission_emergency_consultation_type_create;app_maintainers_admission_emergency_consultation_type_edit;app_maintainers_admission_emergency_consultation_type_delete;app_maintainers_admission_emergency_consultation_type_export;tipos_consulta_urgencia_"
"Maintainers/Basic/DoctorTypeController.php","Maintainers/Basic","/maintainers/basic/doctor-type",6,"app_maintainers_doctor_type_index;app_maintainers_doctor_type_create;app_maintainers_doctor_type_edit;app_maintainers_doctor_type_delete;app_maintainers_doctor_type_export;tipos_doctor_"
"Maintainers/Basic/EducationLevelController.php","Maintainers/Basic","/maintainers/basic/education-level",6,"app_maintainers_education_level_index;app_maintainers_education_level_create;app_maintainers_education_level_edit;app_maintainers_education_level_delete;app_maintainers_education_level_export;niveles_educacion_"
"Maintainers/Basic/EducationLevelDetailController.php","Maintainers/Basic","/maintainers/basic/education-level-detail",6,"app_maintainers_education_level_detail_index;app_maintainers_education_level_detail_create;app_maintainers_education_level_detail_edit;app_maintainers_education_level_detail_delete;app_maintainers_education_level_detail_export;detalles_nivel_instruccion_"
"Maintainers/Basic/EthnicGroupController.php","Maintainers/Basic","/maintainers/basic/ethnic-group",6,"app_maintainers_ethnic_group_index;app_maintainers_ethnic_group_create;app_maintainers_ethnic_group_edit;app_maintainers_ethnic_group_delete;app_maintainers_ethnic_group_export;pueblos_originarios_"
"Maintainers/Basic/GenderController.php","Maintainers/Basic","/maintainers/basic/gender",6,"app_maintainers_gender_index;app_maintainers_gender_create;app_maintainers_gender_edit;app_maintainers_gender_delete;app_maintainers_gender_export;generos_"
"Maintainers/Basic/InsuranceAdministratorController.php","Maintainers/Basic","/maintainers/basic/insurance-administrator",6,"app_maintainers_insurance_administrator_index;app_maintainers_insurance_administrator_create;app_maintainers_insurance_administrator_edit;app_maintainers_insurance_administrator_delete;app_maintainers_insurance_administrator_export;administradoras_seguro_"
"Maintainers/Basic/JobPositionController.php","Maintainers/Basic","/maintainers/basic/job-position",6,"app_maintainers_job_position_index;app_maintainers_job_position_create;app_maintainers_job_position_edit;app_maintainers_job_position_delete;app_maintainers_job_position_export;cargos_"
"Maintainers/Basic/LocationController.php","Maintainers/Basic","/maintainers/basic/location",6,"app_maintainers_location_index;app_maintainers_location_create;app_maintainers_location_edit;app_maintainers_location_delete;app_maintainers_location_export;ubicaciones_"
"Maintainers/Basic/MaritalStatusController.php","Maintainers/Basic","/maintainers/basic/marital-status",6,"app_maintainers_marital_status_index;app_maintainers_marital_status_create;app_maintainers_marital_status_edit;app_maintainers_marital_status_delete;app_maintainers_marital_status_export;estados_conyugales_"
"Maintainers/Basic/MedicalBoxController.php","Maintainers/Basic","/maintainers/basic/medical-box",6,"app_maintainers_medical_box_index;app_maintainers_medical_box_create;app_maintainers_medical_box_edit;app_maintainers_medical_box_delete;app_maintainers_medical_box_export;boxes_medicos_"
"Maintainers/Basic/OccupationController.php","Maintainers/Basic","/maintainers/basic/occupation",6,"app_maintainers_occupation_index;app_maintainers_occupation_create;app_maintainers_occupation_edit;app_maintainers_occupation_delete;app_maintainers_occupation_export;ocupaciones_"
"Maintainers/Basic/OriginController.php","Maintainers/Basic","/maintainers/basic/origin",6,"app_maintainers_origin_index;app_maintainers_origin_create;app_maintainers_origin_edit;app_maintainers_origin_delete;app_maintainers_origin_export;origenes_"
"Maintainers/Basic/OriginTypeController.php","Maintainers/Basic","/maintainers/basic/origin-type",6,"app_maintainers_origin_type_index;app_maintainers_origin_type_create;app_maintainers_origin_type_edit;app_maintainers_origin_type_delete;app_maintainers_origin_type_export;tipos_origen_"
"Maintainers/Basic/ReligionController.php","Maintainers/Basic","/maintainers/basic/religion",6,"app_maintainers_religion_index;app_maintainers_religion_create;app_maintainers_religion_edit;app_maintainers_religion_delete;app_maintainers_religion_export;religiones_"
"Maintainers/Billing/BillingItemController.php","Maintainers/Billing","/maintainers/billing/billing-item",6,"app_maintainers_billing_billing_item_index;app_maintainers_billing_billing_item_create;app_maintainers_billing_billing_item_edit;app_maintainers_billing_billing_item_delete;app_maintainers_billing_billing_item_export;items_facturacion_"
"Maintainers/Budget/BudgetFooterByFunderController.php","Maintainers/Budget","/maintainers/budget/budget-footer-by-funder",6,"app_maintainers_budget_budget_footer_by_funder_index;app_maintainers_budget_budget_footer_by_funder_create;app_maintainers_budget_budget_footer_by_funder_edit;app_maintainers_budget_budget_footer_by_funder_delete;app_maintainers_budget_budget_footer_by_funder_export;pies_presupuesto_financiador_"
"Maintainers/Budget/BudgetFooterController.php","Maintainers/Budget","/maintainers/budget/budget-footer",6,"app_maintainers_budget_budget_footer_index;app_maintainers_budget_budget_footer_create;app_maintainers_budget_budget_footer_edit;app_maintainers_budget_budget_footer_delete;app_maintainers_budget_budget_footer_export;pies_presupuesto_"
"Maintainers/Budget/BudgetFunderFooterController.php","Maintainers/Budget","/maintainers/budget/budget-funder-footer",6,"app_maintainers_budget_budget_funder_footer_index;app_maintainers_budget_budget_funder_footer_create;app_maintainers_budget_budget_funder_footer_edit;app_maintainers_budget_budget_funder_footer_delete;app_maintainers_budget_budget_funder_footer_export;presupuestos_pie_financiador_"
"Maintainers/Clinical/DiagnosisByPathologyController.php","Maintainers/Clinical","/maintainers/clinical/diagnosis-by-pathology",6,"app_maintainers_clinical_diagnosis_by_pathology_index;app_maintainers_clinical_diagnosis_by_pathology_create;app_maintainers_clinical_diagnosis_by_pathology_edit;app_maintainers_clinical_diagnosis_by_pathology_delete;app_maintainers_clinical_diagnosis_by_pathology_export;diagnosticos_patologia_"
"Maintainers/Clinical/DiagnosisController.php","Maintainers/Clinical","/maintainers/clinical/diagnosis",6,"app_maintainers_clinical_diagnosis_index;app_maintainers_clinical_diagnosis_create;app_maintainers_clinical_diagnosis_edit;app_maintainers_clinical_diagnosis_delete;app_maintainers_clinical_diagnosis_export;diagnosticos_"
"Maintainers/Clinical/DiagnosisStatusController.php","Maintainers/Clinical","/maintainers/clinical/diagnosis-status",6,"app_maintainers_clinical_diagnosis_status_index;app_maintainers_clinical_diagnosis_status_create;app_maintainers_clinical_diagnosis_status_edit;app_maintainers_clinical_diagnosis_status_delete;app_maintainers_clinical_diagnosis_status_export;estados_diagnostico_"
"Maintainers/Clinical/ExamGroupController.php","Maintainers/Clinical","/maintainers/clinical/exam-group",6,"app_maintainers_clinical_exam_group_index;app_maintainers_clinical_exam_group_create;app_maintainers_clinical_exam_group_edit;app_maintainers_clinical_exam_group_delete;app_maintainers_clinical_exam_group_export;agrupaciones_examen_"
"Maintainers/Clinical/ExamServiceController.php","Maintainers/Clinical","/maintainers/clinical/exam-service",6,"app_maintainers_clinical_exam_service_index;app_maintainers_clinical_exam_service_create;app_maintainers_clinical_exam_service_edit;app_maintainers_clinical_exam_service_delete;app_maintainers_clinical_exam_service_export;examenes_prestacion_"
"Maintainers/Clinical/ExamServiceTypeController.php","Maintainers/Clinical","/maintainers/clinical/exam-service-type",6,"app_maintainers_clinical_exam_service_type_index;app_maintainers_clinical_exam_service_type_create;app_maintainers_clinical_exam_service_type_edit;app_maintainers_clinical_exam_service_type_delete;app_maintainers_clinical_exam_service_type_export;tipos_prestacion_examen_"
"Maintainers/Clinical/ImmunotherapyDiagnosisController.php","Maintainers/Clinical","/maintainers/clinical/immunotherapy-diagnosis",6,"app_maintainers_clinical_immunotherapy_diagnosis_index;app_maintainers_clinical_immunotherapy_diagnosis_create;app_maintainers_clinical_immunotherapy_diagnosis_edit;app_maintainers_clinical_immunotherapy_diagnosis_delete;app_maintainers_clinical_immunotherapy_diagnosis_export;diagnosticos_inmunoterapia_"
"Maintainers/Clinical/MedicalHistoryController.php","Maintainers/Clinical","/maintainers/clinical/medical-history",6,"app_maintainers_clinical_medical_history_index;app_maintainers_clinical_medical_history_create;app_maintainers_clinical_medical_history_edit;app_maintainers_clinical_medical_history_delete;app_maintainers_clinical_medical_history_export;antecedentes_medicos_"
"Maintainers/Clinical/MedicalHistoryTypeController.php","Maintainers/Clinical","/maintainers/clinical/medical-history-type",6,"app_maintainers_clinical_medical_history_type_index;app_maintainers_clinical_medical_history_type_create;app_maintainers_clinical_medical_history_type_edit;app_maintainers_clinical_medical_history_type_delete;app_maintainers_clinical_medical_history_type_export;tipos_antecedentes_"
"Maintainers/Clinical/PhysicalExamFieldController.php","Maintainers/Clinical","/maintainers/clinical/physical-exam-field",6,"app_maintainers_clinical_physical_exam_field_index;app_maintainers_clinical_physical_exam_field_create;app_maintainers_clinical_physical_exam_field_edit;app_maintainers_clinical_physical_exam_field_delete;app_maintainers_clinical_physical_exam_field_export;campos_examen_fisico_"
"Maintainers/Clinical/PhysicalExamGroupController.php","Maintainers/Clinical","/maintainers/clinical/physical-exam-group",6,"app_maintainers_clinical_physical_exam_group_index;app_maintainers_clinical_physical_exam_group_create;app_maintainers_clinical_physical_exam_group_edit;app_maintainers_clinical_physical_exam_group_delete;app_maintainers_clinical_physical_exam_group_export;agrupaciones_examen_fisico_"
"Maintainers/Clinical/PhysicalExamTypeController.php","Maintainers/Clinical","/maintainers/clinical/physical-exam-type",6,"app_maintainers_clinical_physical_exam_type_index;app_maintainers_clinical_physical_exam_type_create;app_maintainers_clinical_physical_exam_type_edit;app_maintainers_clinical_physical_exam_type_delete;app_maintainers_clinical_physical_exam_type_export;tipos_examen_fisico_"
"Maintainers/ClinicalSupport/ExamReportController.php","Maintainers/ClinicalSupport","/maintainers/clinical-support/exam-report",6,"app_maintainers_clinical_support_exam_report_index;app_maintainers_clinical_support_exam_report_create;app_maintainers_clinical_support_exam_report_edit;app_maintainers_clinical_support_exam_report_delete;app_maintainers_clinical_support_exam_report_export;informes_examen_"
"Maintainers/Commercial/BedTypeController.php","Maintainers/Commercial","/maintainers/commercial/bed-type",5,"app_maintainers_commercial_bed_type_index;app_maintainers_commercial_bed_type_create;app_maintainers_commercial_bed_type_edit;app_maintainers_commercial_bed_type_delete;app_maintainers_commercial_bed_type_export"
"Maintainers/Commercial/BlockingTypeController.php","Maintainers/Commercial","/maintainers/commercial/blocking-type",5,"app_maintainers_commercial_blocking_type_index;app_maintainers_commercial_blocking_type_create;app_maintainers_commercial_blocking_type_edit;app_maintainers_commercial_blocking_type_delete;app_maintainers_commercial_blocking_type_export"
"Maintainers/Commercial/BranchPayerController.php","Maintainers/Commercial","/maintainers/commercial/branch-payer",5,"app_maintainers_commercial_branch_payer_index;app_maintainers_commercial_branch_payer_create;app_maintainers_commercial_branch_payer_edit;app_maintainers_commercial_branch_payer_delete;app_maintainers_commercial_branch_payer_export"
"Maintainers/Commercial/CancellationTypeController.php","Maintainers/Commercial","/maintainers/commercial/cancellation-type",5,"app_maintainers_commercial_cancellation_type_index;app_maintainers_commercial_cancellation_type_create;app_maintainers_commercial_cancellation_type_edit;app_maintainers_commercial_cancellation_type_delete;app_maintainers_commercial_cancellation_type_export"
"Maintainers/Commercial/ConsultationTypeController.php","Maintainers/Commercial","/maintainers/commercial/consultation-type",5,"app_maintainers_commercial_consultation_type_index;app_maintainers_commercial_consultation_type_create;app_maintainers_commercial_consultation_type_edit;app_maintainers_commercial_consultation_type_delete;app_maintainers_commercial_consultation_type_export"
"Maintainers/Commercial/ENOPathologyController.php","Maintainers/Commercial","/maintainers/commercial/eno-pathology",5,"app_maintainers_commercial_eno_pathology_index;app_maintainers_commercial_eno_pathology_create;app_maintainers_commercial_eno_pathology_edit;app_maintainers_commercial_eno_pathology_delete;app_maintainers_commercial_eno_pathology_export"
"Maintainers/Commercial/ExternalReferrerController.php","Maintainers/Commercial","/maintainers/commercial/external-referrer",5,"app_maintainers_commercial_external_referrer_index;app_maintainers_commercial_external_referrer_create;app_maintainers_commercial_external_referrer_edit;app_maintainers_commercial_external_referrer_delete;app_maintainers_commercial_external_referrer_export"
"Maintainers/Commercial/GESPathologyController.php","Maintainers/Commercial","/maintainers/commercial/ges-pathology",5,"app_maintainers_commercial_ges_pathology_index;app_maintainers_commercial_ges_pathology_create;app_maintainers_commercial_ges_pathology_edit;app_maintainers_commercial_ges_pathology_delete;app_maintainers_commercial_ges_pathology_export"
"Maintainers/Commercial/MedicalServiceBedTypeController.php","Maintainers/Commercial","/maintainers/commercial/medical-service-bed-type",5,"app_maintainers_commercial_medical_service_bed_type_index;app_maintainers_commercial_medical_service_bed_type_create;app_maintainers_commercial_medical_service_bed_type_edit;app_maintainers_commercial_medical_service_bed_type_delete;app_maintainers_commercial_medical_service_bed_type_export"
"Maintainers/Commercial/MedicalServiceBudgetItemController.php","Maintainers/Commercial","/maintainers/commercial/medical-service-budget-item",5,"app_maintainers_commercial_medical_service_budget_item_index;app_maintainers_commercial_medical_service_budget_item_create;app_maintainers_commercial_medical_service_budget_item_edit;app_maintainers_commercial_medical_service_budget_item_delete;app_maintainers_commercial_medical_service_budget_item_export"
"Maintainers/Commercial/MedicalServiceController.php","Maintainers/Commercial","/maintainers/commercial/medical-service",5,"app_maintainers_commercial_medical_service_index;app_maintainers_commercial_medical_service_create;app_maintainers_commercial_medical_service_edit;app_maintainers_commercial_medical_service_delete;app_maintainers_commercial_medical_service_export"
"Maintainers/Commercial/MedicalServiceServiceController.php","Maintainers/Commercial","/maintainers/commercial/medical-service-service",5,"app_maintainers_commercial_medical_service_service_index;app_maintainers_commercial_medical_service_service_create;app_maintainers_commercial_medical_service_service_edit;app_maintainers_commercial_medical_service_service_delete;app_maintainers_commercial_medical_service_service_export"
"Maintainers/Commercial/PathologyArticleController.php","Maintainers/Commercial","/maintainers/commercial/pathology-article",5,"app_maintainers_commercial_pathology_article_index;app_maintainers_commercial_pathology_article_create;app_maintainers_commercial_pathology_article_edit;app_maintainers_commercial_pathology_article_delete;app_maintainers_commercial_pathology_article_export"
"Maintainers/Commercial/PayerController.php","Maintainers/Commercial","/maintainers/commercial/payer",5,"app_maintainers_commercial_payer_index;app_maintainers_commercial_payer_create;app_maintainers_commercial_payer_edit;app_maintainers_commercial_payer_delete;app_maintainers_commercial_payer_export"
"Maintainers/Commercial/PayerTypeController.php","Maintainers/Commercial","/maintainers/commercial/payer-type",5,"app_maintainers_commercial_payer_type_index;app_maintainers_commercial_payer_type_create;app_maintainers_commercial_payer_type_edit;app_maintainers_commercial_payer_type_delete;app_maintainers_commercial_payer_type_export"
"Maintainers/Commercial/RequestingCompanyController.php","Maintainers/Commercial","/maintainers/commercial/requesting-company",5,"app_maintainers_commercial_requesting_company_index;app_maintainers_commercial_requesting_company_create;app_maintainers_commercial_requesting_company_edit;app_maintainers_commercial_requesting_company_delete;app_maintainers_commercial_requesting_company_export"
"Maintainers/Commercial/RoomController.php","Maintainers/Commercial","/maintainers/commercial/room",5,"app_maintainers_commercial_room_index;app_maintainers_commercial_room_create;app_maintainers_commercial_room_edit;app_maintainers_commercial_room_delete;app_maintainers_commercial_room_export"
"Maintainers/Commercial/ServicePackageController.php","Maintainers/Commercial","/maintainers/commercial/service-package",5,"app_maintainers_commercial_service_package_index;app_maintainers_commercial_service_package_create;app_maintainers_commercial_service_package_edit;app_maintainers_commercial_service_package_delete;app_maintainers_commercial_service_package_export"
"Maintainers/Commercial/SpecialtyBranchController.php","Maintainers/Commercial","/maintainers/commercial/specialty-branch",5,"app_maintainers_commercial_specialty_branch_index;app_maintainers_commercial_specialty_branch_create;app_maintainers_commercial_specialty_branch_edit;app_maintainers_commercial_specialty_branch_delete;app_maintainers_commercial_specialty_branch_export"
"Maintainers/Commercial/SpecialtyController.php","Maintainers/Commercial","/maintainers/commercial/specialty",5,"app_maintainers_commercial_specialty_index;app_maintainers_commercial_specialty_create;app_maintainers_commercial_specialty_edit;app_maintainers_commercial_specialty_delete;app_maintainers_commercial_specialty_export"
"Maintainers/Commercial/SurgeryItemController.php","Maintainers/Commercial","/maintainers/commercial/surgery-item",5,"app_maintainers_commercial_surgery_item_index;app_maintainers_commercial_surgery_item_create;app_maintainers_commercial_surgery_item_edit;app_maintainers_commercial_surgery_item_delete;app_maintainers_commercial_surgery_item_export"
"Maintainers/Commercial/TreatmentTypeController.php","Maintainers/Commercial","/maintainers/commercial/treatment-type",5,"app_maintainers_commercial_treatment_type_index;app_maintainers_commercial_treatment_type_create;app_maintainers_commercial_treatment_type_edit;app_maintainers_commercial_treatment_type_delete;app_maintainers_commercial_treatment_type_export"
"Maintainers/Hospital/CareCategoryController.php","Maintainers/Hospital","/maintainers/hospital/care-category",6,"app_maintainers_hospital_care_category_index;app_maintainers_hospital_care_category_create;app_maintainers_hospital_care_category_edit;app_maintainers_hospital_care_category_delete;app_maintainers_hospital_care_category_export;categorias_cuidados_"
"Maintainers/Hospital/CareClosureDestinationController.php","Maintainers/Hospital","/maintainers/hospital/care-closure-destination",6,"app_maintainers_hospital_care_closure_destination_index;app_maintainers_hospital_care_closure_destination_create;app_maintainers_hospital_care_closure_destination_edit;app_maintainers_hospital_care_closure_destination_delete;app_maintainers_hospital_care_closure_destination_export;destinos_cierre_"
"Maintainers/Hospital/CareInterventionController.php","Maintainers/Hospital","/maintainers/hospital/care-intervention",5,"app_maintainers_hospital_care_intervention_index;app_maintainers_hospital_care_intervention_create;app_maintainers_hospital_care_intervention_edit;app_maintainers_hospital_care_intervention_delete;app_maintainers_hospital_care_intervention_export"
"Maintainers/Hospital/ClinicalActionAnswerController.php","Maintainers/Hospital","/maintainers/hospital/clinical-action-answer",5,"app_maintainers_hospital_clinical_action_answer_index;app_maintainers_hospital_clinical_action_answer_create;app_maintainers_hospital_clinical_action_answer_edit;app_maintainers_hospital_clinical_action_answer_delete;app_maintainers_hospital_clinical_action_answer_export"
"Maintainers/Hospital/ClinicalActionCategoryController.php","Maintainers/Hospital","/maintainers/hospital/clinical-action-category",6,"app_maintainers_hospital_clinical_action_category_index;app_maintainers_hospital_clinical_action_category_create;app_maintainers_hospital_clinical_action_category_edit;app_maintainers_hospital_clinical_action_category_delete;app_maintainers_hospital_clinical_action_category_export;categorias_accion_clinica_"
"Maintainers/Hospital/ClinicalActionQuestionController.php","Maintainers/Hospital","/maintainers/hospital/clinical-action-question",5,"app_maintainers_hospital_clinical_action_question_index;app_maintainers_hospital_clinical_action_question_create;app_maintainers_hospital_clinical_action_question_edit;app_maintainers_hospital_clinical_action_question_delete;app_maintainers_hospital_clinical_action_question_export"
"Maintainers/Hospital/DosageTypeController.php","Maintainers/Hospital","/maintainers/hospital/dosage-type",6,"app_maintainers_hospital_dosage_type_index;app_maintainers_hospital_dosage_type_create;app_maintainers_hospital_dosage_type_edit;app_maintainers_hospital_dosage_type_delete;app_maintainers_hospital_dosage_type_export;tipos_posologia_"
"Maintainers/Hospital/EatingDisorderHistoryController.php","Maintainers/Hospital","/maintainers/hospital/eating-disorder-history",6,"app_maintainers_hospital_eating_disorder_history_index;app_maintainers_hospital_eating_disorder_history_create;app_maintainers_hospital_eating_disorder_history_edit;app_maintainers_hospital_eating_disorder_history_delete;app_maintainers_hospital_eating_disorder_history_export;antecedentes_tca_"
"Maintainers/Hospital/IntoxicationStateController.php","Maintainers/Hospital","/maintainers/hospital/intoxication-state",6,"app_maintainers_hospital_intoxication_state_index;app_maintainers_hospital_intoxication_state_create;app_maintainers_hospital_intoxication_state_edit;app_maintainers_hospital_intoxication_state_delete;app_maintainers_hospital_intoxication_state_export;estados_ebriedad_"
"Maintainers/Hospital/MedicalDeviceController.php","Maintainers/Hospital","/maintainers/hospital/medical-device",6,"app_maintainers_hospital_medical_device_index;app_maintainers_hospital_medical_device_create;app_maintainers_hospital_medical_device_edit;app_maintainers_hospital_medical_device_delete;app_maintainers_hospital_medical_device_export;dispositivos_medicos_"
"Maintainers/Hospital/NutritionalDiagnosisController.php","Maintainers/Hospital","/maintainers/hospital/nutritional-diagnosis",6,"app_maintainers_hospital_nutritional_diagnosis_index;app_maintainers_hospital_nutritional_diagnosis_create;app_maintainers_hospital_nutritional_diagnosis_edit;app_maintainers_hospital_nutritional_diagnosis_delete;app_maintainers_hospital_nutritional_diagnosis_export;diagnosticos_nutricionales_"
"Maintainers/Hospital/NutritionistBmiIndexController.php","Maintainers/Hospital","/maintainers/hospital/nutritionist-bmi-index",6,"app_maintainers_hospital_nutritionist_bmi_index_index;app_maintainers_hospital_nutritionist_bmi_index_create;app_maintainers_hospital_nutritionist_bmi_index_edit;app_maintainers_hospital_nutritionist_bmi_index_delete;app_maintainers_hospital_nutritionist_bmi_index_export;indices_imc_"
"Maintainers/Hospital/NutritionistIndexClassificationController.php","Maintainers/Hospital","/maintainers/hospital/nutritionist-index-classification",6,"app_maintainers_hospital_nutritionist_index_classification_index;app_maintainers_hospital_nutritionist_index_classification_create;app_maintainers_hospital_nutritionist_index_classification_edit;app_maintainers_hospital_nutritionist_index_classification_delete;app_maintainers_hospital_nutritionist_index_classification_export;clasificaciones_indices_"
"Maintainers/Hospital/NutritionistTeIndexController.php","Maintainers/Hospital","/maintainers/hospital/nutritionist-te-index",6,"app_maintainers_hospital_nutritionist_te_index_index;app_maintainers_hospital_nutritionist_te_index_create;app_maintainers_hospital_nutritionist_te_index_edit;app_maintainers_hospital_nutritionist_te_index_delete;app_maintainers_hospital_nutritionist_te_index_export;indices_te_"
"Maintainers/Hospital/PhysicalExamBaseFieldController.php","Maintainers/Hospital","/maintainers/hospital/physical-exam-base-field",6,"app_maintainers_hospital_physical_exam_base_field_index;app_maintainers_hospital_physical_exam_base_field_create;app_maintainers_hospital_physical_exam_base_field_edit;app_maintainers_hospital_physical_exam_base_field_delete;app_maintainers_hospital_physical_exam_base_field_export;campos_base_examen_fisico_"
"Maintainers/Hospital/PhysicalExamFieldController.php","Maintainers/Hospital","/maintainers/hospital/physical-exam-field",6,"app_maintainers_hospital_physical_exam_field_index;app_maintainers_hospital_physical_exam_field_create;app_maintainers_hospital_physical_exam_field_edit;app_maintainers_hospital_physical_exam_field_delete;app_maintainers_hospital_physical_exam_field_export;campos_examen_fisico_"
"Maintainers/Hospital/PhysicalExamGroupingController.php","Maintainers/Hospital","/maintainers/hospital/physical-exam-grouping",6,"app_maintainers_hospital_physical_exam_grouping_index;app_maintainers_hospital_physical_exam_grouping_create;app_maintainers_hospital_physical_exam_grouping_edit;app_maintainers_hospital_physical_exam_grouping_delete;app_maintainers_hospital_physical_exam_grouping_export;agrupaciones_examen_fisico_"
"Maintainers/Hospital/PrescriptionDispensationController.php","Maintainers/Hospital","/maintainers/hospital/prescription-dispensation",6,"app_maintainers_hospital_prescription_dispensation_index;app_maintainers_hospital_prescription_dispensation_create;app_maintainers_hospital_prescription_dispensation_edit;app_maintainers_hospital_prescription_dispensation_delete;app_maintainers_hospital_prescription_dispensation_export;dispensaciones_receta_"
"Maintainers/Hospital/PrescriptionDosageController.php","Maintainers/Hospital","/maintainers/hospital/prescription-dosage",6,"app_maintainers_hospital_prescription_dosage_index;app_maintainers_hospital_prescription_dosage_create;app_maintainers_hospital_prescription_dosage_edit;app_maintainers_hospital_prescription_dosage_delete;app_maintainers_hospital_prescription_dosage_export;dosis_receta_"
"Maintainers/Hospital/PrescriptionFormatController.php","Maintainers/Hospital","/maintainers/hospital/prescription-format",6,"app_maintainers_hospital_prescription_format_index;app_maintainers_hospital_prescription_format_create;app_maintainers_hospital_prescription_format_edit;app_maintainers_hospital_prescription_format_delete;app_maintainers_hospital_prescription_format_export;formatos_receta_"
"Maintainers/Hospital/PrescriptionFrequencyController.php","Maintainers/Hospital","/maintainers/hospital/prescription-frequency",6,"app_maintainers_hospital_prescription_frequency_index;app_maintainers_hospital_prescription_frequency_create;app_maintainers_hospital_prescription_frequency_edit;app_maintainers_hospital_prescription_frequency_delete;app_maintainers_hospital_prescription_frequency_export;frecuencias_receta_"
"Maintainers/Hospital/PrescriptionRouteController.php","Maintainers/Hospital","/maintainers/hospital/prescription-route",6,"app_maintainers_hospital_prescription_route_index;app_maintainers_hospital_prescription_route_create;app_maintainers_hospital_prescription_route_edit;app_maintainers_hospital_prescription_route_delete;app_maintainers_hospital_prescription_route_export;vias_administracion_"
"Maintainers/Hospital/PrescriptionRuleDetailController.php","Maintainers/Hospital","/maintainers/hospital/prescription-rule-detail",6,"app_maintainers_hospital_prescription_rule_detail_index;app_maintainers_hospital_prescription_rule_detail_create;app_maintainers_hospital_prescription_rule_detail_edit;app_maintainers_hospital_prescription_rule_detail_delete;app_maintainers_hospital_prescription_rule_detail_export;reglas_prescripcion_"
"Maintainers/Hospital/PrescriptionTypeController.php","Maintainers/Hospital","/maintainers/hospital/prescription-type",6,"app_maintainers_hospital_prescription_type_index;app_maintainers_hospital_prescription_type_create;app_maintainers_hospital_prescription_type_edit;app_maintainers_hospital_prescription_type_delete;app_maintainers_hospital_prescription_type_export;tipos_receta_"
"Maintainers/Logistics/ArticleController.php","Maintainers/Logistics","/maintainers/logistics/article",6,"app_maintainers_logistics_article_index;app_maintainers_logistics_article_create;app_maintainers_logistics_article_edit;app_maintainers_logistics_article_delete;app_maintainers_logistics_article_export;articulos_"
"Maintainers/Logistics/ArticleOutflowTypeController.php","Maintainers/Logistics","/maintainers/logistics/article-outflow-type",6,"app_maintainers_logistics_article_outflow_type_index;app_maintainers_logistics_article_outflow_type_create;app_maintainers_logistics_article_outflow_type_edit;app_maintainers_logistics_article_outflow_type_delete;app_maintainers_logistics_article_outflow_type_export;tipos_egreso_articulo_"
"Maintainers/Logistics/ArticleSupplierController.php","Maintainers/Logistics","/maintainers/logistics/article-supplier",6,"app_maintainers_logistics_article_supplier_index;app_maintainers_logistics_article_supplier_create;app_maintainers_logistics_article_supplier_edit;app_maintainers_logistics_article_supplier_delete;app_maintainers_logistics_article_supplier_export;proveedores_articulo_"
"Maintainers/Logistics/ArticleTypeController.php","Maintainers/Logistics","/maintainers/logistics/article-type",6,"app_maintainers_logistics_article_type_index;app_maintainers_logistics_article_type_create;app_maintainers_logistics_article_type_edit;app_maintainers_logistics_article_type_delete;app_maintainers_logistics_article_type_export;tipos_articulo_"
"Maintainers/Logistics/ArticleWarehouseController.php","Maintainers/Logistics","/maintainers/logistics/article-warehouse",6,"app_maintainers_logistics_article_warehouse_index;app_maintainers_logistics_article_warehouse_create;app_maintainers_logistics_article_warehouse_edit;app_maintainers_logistics_article_warehouse_delete;app_maintainers_logistics_article_warehouse_export;articulos_bodega_"
"Maintainers/Logistics/DispatchTypeController.php","Maintainers/Logistics","/maintainers/logistics/dispatch-type",6,"app_maintainers_logistics_dispatch_type_index;app_maintainers_logistics_dispatch_type_create;app_maintainers_logistics_dispatch_type_edit;app_maintainers_logistics_dispatch_type_delete;app_maintainers_logistics_dispatch_type_export;tipos_despacho_"
"Maintainers/Logistics/InventoryAdjustmentReasonController.php","Maintainers/Logistics","/maintainers/logistics/inventory-adjustment-reason",6,"app_maintainers_logistics_inventory_adjustment_reason_index;app_maintainers_logistics_inventory_adjustment_reason_create;app_maintainers_logistics_inventory_adjustment_reason_edit;app_maintainers_logistics_inventory_adjustment_reason_delete;app_maintainers_logistics_inventory_adjustment_reason_export;motivos_ajuste_inventario_"
"Maintainers/Logistics/ProductConditionTypeController.php","Maintainers/Logistics","/maintainers/logistics/product-condition-type",6,"app_maintainers_logistics_product_condition_type_index;app_maintainers_logistics_product_condition_type_create;app_maintainers_logistics_product_condition_type_edit;app_maintainers_logistics_product_condition_type_delete;app_maintainers_logistics_product_condition_type_export;tipos_condicion_producto_"
"Maintainers/Logistics/SignatureFooterController.php","Maintainers/Logistics","/maintainers/logistics/signature-footer",6,"app_maintainers_logistics_signature_footer_index;app_maintainers_logistics_signature_footer_create;app_maintainers_logistics_signature_footer_edit;app_maintainers_logistics_signature_footer_delete;app_maintainers_logistics_signature_footer_export;pies_firma_"
"Maintainers/Logistics/WarehouseSpecialtyController.php","Maintainers/Logistics","/maintainers/logistics/warehouse-specialty",6,"app_maintainers_logistics_warehouse_specialty_index;app_maintainers_logistics_warehouse_specialty_create;app_maintainers_logistics_warehouse_specialty_edit;app_maintainers_logistics_warehouse_specialty_delete;app_maintainers_logistics_warehouse_specialty_export;especialidades_bodega_"
"Maintainers/Settlements/BankAccountController.php","Maintainers/Settlements","/maintainers/settlements/bank-account",6,"app_maintainers_settlements_bank_account_index;app_maintainers_settlements_bank_account_create;app_maintainers_settlements_bank_account_edit;app_maintainers_settlements_bank_account_delete;app_maintainers_settlements_bank_account_export;cuentas_bancarias_"
"Maintainers/Settlements/CompanyUserAssociationController.php","Maintainers/Settlements","/maintainers/settlements/company-user-association",6,"app_maintainers_settlements_company_user_association_index;app_maintainers_settlements_company_user_association_create;app_maintainers_settlements_company_user_association_edit;app_maintainers_settlements_company_user_association_delete;app_maintainers_settlements_company_user_association_export;asociaciones_empresa_usuario_"
"Maintainers/Settlements/DailyUFController.php","Maintainers/Settlements","/maintainers/settlements/daily-uf",6,"app_maintainers_settlements_daily_uf_index;app_maintainers_settlements_daily_uf_create;app_maintainers_settlements_daily_uf_edit;app_maintainers_settlements_daily_uf_delete;app_maintainers_settlements_daily_uf_export;uf_diaria_"
"Maintainers/Settlements/ProfessionalParticipationController.php","Maintainers/Settlements","/maintainers/settlements/professional-participation",6,"app_maintainers_settlements_professional_participation_index;app_maintainers_settlements_professional_participation_create;app_maintainers_settlements_professional_participation_edit;app_maintainers_settlements_professional_participation_delete;app_maintainers_settlements_professional_participation_export;participaciones_profesionales_"
"Maintainers/Settlements/SettlementBaseController.php","Maintainers/Settlements","/maintainers/settlements/settlement-base",6,"app_maintainers_settlements_settlement_base_index;app_maintainers_settlements_settlement_base_create;app_maintainers_settlements_settlement_base_edit;app_maintainers_settlements_settlement_base_delete;app_maintainers_settlements_settlement_base_export;bases_liquidacion_"
"Maintainers/Structure/BranchController.php","Maintainers/Structure","/maintainers/structure/branch",6,"app_maintainers_branch_index;app_maintainers_branch_create;app_maintainers_branch_edit;app_maintainers_branch_delete;app_maintainers_branch_export;sucursales_"
"Maintainers/Structure/CostCenterController.php","Maintainers/Structure","/maintainers/structure/cost-center",6,"app_maintainers_cost_center_index;app_maintainers_cost_center_create;app_maintainers_cost_center_edit;app_maintainers_cost_center_delete;app_maintainers_cost_center_export;centros_costo_"
"Maintainers/Structure/DepartmentController.php","Maintainers/Structure","/maintainers/structure/department",6,"app_maintainers_department_index;app_maintainers_department_create;app_maintainers_department_edit;app_maintainers_department_delete;app_maintainers_department_export;departamentos_"
"Maintainers/Structure/MedicalServiceController.php","Maintainers/Structure","/maintainers/structure/medical-service",6,"app_maintainers_medical_service_index;app_maintainers_medical_service_create;app_maintainers_medical_service_edit;app_maintainers_medical_service_delete;app_maintainers_medical_service_export;servicios_medicos_"
"Maintainers/Structure/ServiceTypeController.php","Maintainers/Structure","/maintainers/structure/service-type",6,"app_maintainers_service_type_index;app_maintainers_service_type_create;app_maintainers_service_type_edit;app_maintainers_service_type_delete;app_maintainers_service_type_export;tipos_servicio_"
"Maintainers/Structure/SubCompanyController.php","Maintainers/Structure","/maintainers/structure/sub-company",6,"app_maintainers_sub_company_index;app_maintainers_sub_company_create;app_maintainers_sub_company_edit;app_maintainers_sub_company_delete;app_maintainers_sub_company_export;sub_empresas_"
"Maintainers/Surgery/AnesthesiaTypeController.php","Maintainers/Surgery","/maintainers/surgery/anesthesia-type",5,"app_maintainers_surgery_anesthesia_type_index;app_maintainers_surgery_anesthesia_type_create;app_maintainers_surgery_anesthesia_type_edit;app_maintainers_surgery_anesthesia_type_delete;app_maintainers_surgery_anesthesia_type_export"
"Maintainers/Surgery/BloodTypeController.php","Maintainers/Surgery","/maintainers/surgery/blood-type",5,"app_maintainers_surgery_blood_type_index;app_maintainers_surgery_blood_type_create;app_maintainers_surgery_blood_type_edit;app_maintainers_surgery_blood_type_delete;app_maintainers_surgery_blood_type_export"
"Maintainers/Surgery/SurgeryBlockReasonController.php","Maintainers/Surgery","/maintainers/surgery/surgery-block-reason",5,"app_maintainers_surgery_surgery_block_reason_index;app_maintainers_surgery_surgery_block_reason_create;app_maintainers_surgery_surgery_block_reason_edit;app_maintainers_surgery_surgery_block_reason_delete;app_maintainers_surgery_surgery_block_reason_export"
"Maintainers/Surgery/SurgeryCancellationReasonController.php","Maintainers/Surgery","/maintainers/surgery/surgery-cancellation-reason",5,"app_maintainers_surgery_surgery_cancellation_reason_index;app_maintainers_surgery_surgery_cancellation_reason_create;app_maintainers_surgery_surgery_cancellation_reason_edit;app_maintainers_surgery_surgery_cancellation_reason_delete;app_maintainers_surgery_surgery_cancellation_reason_export"
"Maintainers/Surgery/SurgeryPatientStatusConfigController.php","Maintainers/Surgery","/maintainers/surgery/surgery-patient-status-config",5,"app_maintainers_surgery_surgery_patient_status_config_index;app_maintainers_surgery_surgery_patient_status_config_create;app_maintainers_surgery_surgery_patient_status_config_edit;app_maintainers_surgery_surgery_patient_status_config_delete;app_maintainers_surgery_surgery_patient_status_config_export"
"Maintainers/Surgery/SurgeryPatientStatusController.php","Maintainers/Surgery","/maintainers/surgery/surgery-patient-status",5,"app_maintainers_surgery_surgery_patient_status_index;app_maintainers_surgery_surgery_patient_status_create;app_maintainers_surgery_surgery_patient_status_edit;app_maintainers_surgery_surgery_patient_status_delete;app_maintainers_surgery_surgery_patient_status_export"
"Maintainers/Surgery/SurgerySuspensionCauseController.php","Maintainers/Surgery","/maintainers/surgery/surgery-suspension-cause",5,"app_maintainers_surgery_surgery_suspension_cause_index;app_maintainers_surgery_surgery_suspension_cause_create;app_maintainers_surgery_surgery_suspension_cause_edit;app_maintainers_surgery_surgery_suspension_cause_delete;app_maintainers_surgery_surgery_suspension_cause_export"
"Maintainers/Surgery/SurgicalBlockController.php","Maintainers/Surgery","/maintainers/surgery/surgical-block",5,"app_maintainers_surgery_surgical_block_index;app_maintainers_surgery_surgical_block_create;app_maintainers_surgery_surgical_block_edit;app_maintainers_surgery_surgical_block_delete;app_maintainers_surgery_surgical_block_export"
"Maintainers/Surgery/SurgicalStageController.php","Maintainers/Surgery","/maintainers/surgery/surgical-stage",5,"app_maintainers_surgery_surgical_stage_index;app_maintainers_surgery_surgical_stage_create;app_maintainers_surgery_surgical_stage_edit;app_maintainers_surgery_surgical_stage_delete;app_maintainers_surgery_surgical_stage_export"
"Maintainers/Surgery/SurgicalStageItemController.php","Maintainers/Surgery","/maintainers/surgery/surgical-stage-item",5,"app_maintainers_surgery_surgical_stage_item_index;app_maintainers_surgery_surgical_stage_item_create;app_maintainers_surgery_surgical_stage_item_edit;app_maintainers_surgery_surgical_stage_item_delete;app_maintainers_surgery_surgical_stage_item_export"
"Maintainers/Surgery/SurgicalTeamRoleController.php","Maintainers/Surgery","/maintainers/surgery/surgical-team-role",5,"app_maintainers_surgery_surgical_team_role_index;app_maintainers_surgery_surgical_team_role_create;app_maintainers_surgery_surgical_team_role_edit;app_maintainers_surgery_surgical_team_role_delete;app_maintainers_surgery_surgical_team_role_export"
"Maintainers/Surgery/TreatmentRegimenController.php","Maintainers/Surgery","/maintainers/surgery/treatment-regimen",5,"app_maintainers_surgery_treatment_regimen_index;app_maintainers_surgery_treatment_regimen_create;app_maintainers_surgery_treatment_regimen_edit;app_maintainers_surgery_treatment_regimen_delete;app_maintainers_surgery_treatment_regimen_export"
"Maintainers/Surgery/WoundTypeController.php","Maintainers/Surgery","/maintainers/surgery/wound-type",5,"app_maintainers_surgery_wound_type_index;app_maintainers_surgery_wound_type_create;app_maintainers_surgery_wound_type_edit;app_maintainers_surgery_wound_type_delete;app_maintainers_surgery_wound_type_export"
"Maintainers/Treasury/BankAccountTypeController.php","Maintainers/Treasury","/maintainers/treasury/bank-account-type",6,"app_maintainers_treasury_bank_account_type_index;app_maintainers_treasury_bank_account_type_create;app_maintainers_treasury_bank_account_type_edit;app_maintainers_treasury_bank_account_type_delete;app_maintainers_treasury_bank_account_type_export;tipos_cuenta_banco_"
"Maintainers/Treasury/BankController.php","Maintainers/Treasury","/maintainers/treasury/bank",6,"app_maintainers_treasury_bank_index;app_maintainers_treasury_bank_create;app_maintainers_treasury_bank_edit;app_maintainers_treasury_bank_delete;app_maintainers_treasury_bank_export;bancos_"
"Maintainers/Treasury/BillingPaymentMethodController.php","Maintainers/Treasury","/maintainers/treasury/billing-payment-method",6,"app_maintainers_treasury_billing_payment_method_index;app_maintainers_treasury_billing_payment_method_create;app_maintainers_treasury_billing_payment_method_edit;app_maintainers_treasury_billing_payment_method_delete;app_maintainers_treasury_billing_payment_method_export;formas_pago_facturacion_"
"Maintainers/Treasury/CashRegisterLocationController.php","Maintainers/Treasury","/maintainers/treasury/cash-register-location",5,"app_maintainers_treasury_cash_register_location_index;app_maintainers_treasury_cash_register_location_create;app_maintainers_treasury_cash_register_location_edit;app_maintainers_treasury_cash_register_location_delete;app_maintainers_treasury_cash_register_location_export"
"Maintainers/Treasury/CreditCardController.php","Maintainers/Treasury","/maintainers/treasury/credit-card",6,"app_maintainers_treasury_credit_card_index;app_maintainers_treasury_credit_card_create;app_maintainers_treasury_credit_card_edit;app_maintainers_treasury_credit_card_delete;app_maintainers_treasury_credit_card_export;tarjetas_credito_"
"Maintainers/Treasury/CreditCardTypeController.php","Maintainers/Treasury","/maintainers/treasury/credit-card-type",6,"app_maintainers_treasury_credit_card_type_index;app_maintainers_treasury_credit_card_type_create;app_maintainers_treasury_credit_card_type_edit;app_maintainers_treasury_credit_card_type_delete;app_maintainers_treasury_credit_card_type_export;tipos_tarjeta_credito_"
"Maintainers/Treasury/CurrencyTypeController.php","Maintainers/Treasury","/maintainers/treasury/currency-type",6,"app_maintainers_treasury_currency_type_index;app_maintainers_treasury_currency_type_create;app_maintainers_treasury_currency_type_edit;app_maintainers_treasury_currency_type_delete;app_maintainers_treasury_currency_type_export;tipos_moneda_"
"Maintainers/Treasury/DifferenceDirectionController.php","Maintainers/Treasury","/maintainers/treasury/difference-direction",6,"app_maintainers_treasury_difference_direction_index;app_maintainers_treasury_difference_direction_create;app_maintainers_treasury_difference_direction_edit;app_maintainers_treasury_difference_direction_delete;app_maintainers_treasury_difference_direction_export;sentidos_diferencia_"
"Maintainers/Treasury/DifferenceReasonController.php","Maintainers/Treasury","/maintainers/treasury/difference-reason",6,"app_maintainers_treasury_difference_reason_index;app_maintainers_treasury_difference_reason_create;app_maintainers_treasury_difference_reason_edit;app_maintainers_treasury_difference_reason_delete;app_maintainers_treasury_difference_reason_export;motivos_diferencia_"
"Maintainers/Treasury/DifferenceTypeController.php","Maintainers/Treasury","/maintainers/treasury/difference-type",6,"app_maintainers_treasury_difference_type_index;app_maintainers_treasury_difference_type_create;app_maintainers_treasury_difference_type_edit;app_maintainers_treasury_difference_type_delete;app_maintainers_treasury_difference_type_export;tipos_diferencia_"
"Maintainers/Treasury/DocumentTypeController.php","Maintainers/Treasury","/maintainers/treasury/document-type",5,"app_maintainers_treasury_document_type_index;app_maintainers_treasury_document_type_create;app_maintainers_treasury_document_type_edit;app_maintainers_treasury_document_type_delete;app_maintainers_treasury_document_type_export"
"Maintainers/Treasury/GratuityReasonController.php","Maintainers/Treasury","/maintainers/treasury/gratuity-reason",6,"app_maintainers_treasury_gratuity_reason_index;app_maintainers_treasury_gratuity_reason_create;app_maintainers_treasury_gratuity_reason_edit;app_maintainers_treasury_gratuity_reason_delete;app_maintainers_treasury_gratuity_reason_export;motivos_gratuidad_"
"Maintainers/Treasury/GratuityTypeController.php","Maintainers/Treasury","/maintainers/treasury/gratuity-type",6,"app_maintainers_treasury_gratuity_type_index;app_maintainers_treasury_gratuity_type_create;app_maintainers_treasury_gratuity_type_edit;app_maintainers_treasury_gratuity_type_delete;app_maintainers_treasury_gratuity_type_export;tipos_gratuidad_"
"Maintainers/Treasury/PaymentConditionController.php","Maintainers/Treasury","/maintainers/treasury/payment-condition",6,"app_maintainers_treasury_payment_condition_index;app_maintainers_treasury_payment_condition_create;app_maintainers_treasury_payment_condition_edit;app_maintainers_treasury_payment_condition_delete;app_maintainers_treasury_payment_condition_export;condiciones_pago_"
"Maintainers/Treasury/PaymentMethodController.php","Maintainers/Treasury","/maintainers/treasury/payment-method",5,"app_maintainers_treasury_payment_method_index;app_maintainers_treasury_payment_method_create;app_maintainers_treasury_payment_method_edit;app_maintainers_treasury_payment_method_delete;app_maintainers_treasury_payment_method_export"
"Maintainers/Treasury/PaymentMethodTypeController.php","Maintainers/Treasury","/maintainers/treasury/payment-method-type",5,"app_maintainers_treasury_payment_method_type_index;app_maintainers_treasury_payment_method_type_create;app_maintainers_treasury_payment_method_type_edit;app_maintainers_treasury_payment_method_type_delete;app_maintainers_treasury_payment_method_type_export"
"Maintainers/Treasury/TransferIndicatorController.php","Maintainers/Treasury","/maintainers/treasury/transfer-indicator",6,"app_maintainers_treasury_transfer_indicator_index;app_maintainers_treasury_transfer_indicator_create;app_maintainers_treasury_transfer_indicator_edit;app_maintainers_treasury_transfer_indicator_delete;app_maintainers_treasury_transfer_indicator_export;indicadores_traslado_"
"Maintainers/Workshop/WorkshopController.php","Maintainers/Workshop","/maintainers/workshop/workshop",6,"app_maintainers_workshop_workshop_index;app_maintainers_workshop_workshop_create;app_maintainers_workshop_workshop_edit;app_maintainers_workshop_workshop_delete;app_maintainers_workshop_workshop_export;talleres_"
"PasswordResetController.php","Core","",0,""
"PersonTestController.php","Core","/person/test",6,"person_test_list;person_test_show;person_test_edit;person_test_delete;person_test_manual_check;person_test_field_demo"
"ResetPasswordController.php","Core","/reset-password",3,"app_forgot_password_request;app_check_email;app_reset_password"
"SettingsController.php","Core","/settings",3,"app_settings;app_settings_more;app_settings_image"
